"spectral_type","unknown5"
"o5",70.85637791
"a1",72.99830811
"a5",75.68964173
"b0",69.49971333
"b6",78.10517193
"f0",81.28743327
"f5",73.47007115
"g0",62.38377672
"k0",19.67725034
"k5",3.59489801
"m0",4.66346073
"m5",6.20204369
